{
  "camera_matrix": [
    [1348.3094850809, 0.0, 982.4177541521],
    [0.0, 1347.5291758092, 545.618886431],
    [0.0, 0.0, 1.0]
  ],
  "dist_coeff": [
    [0.2072471857, -0.7007393004, -0.0016102097, 0.0002576759, 0.7192369335]
  ]
}
