{
  "camera_matrix": [
    [1342.9975091805177, 0.0, 961.6014002154335],
    [0.0, 1345.995204555743, 508.91471482066646],
    [0.0, 0.0, 1.0]
  ],
  "dist_coeff": [
    [
      0.12280333905556727, -0.34021102748199455, 0.000159460783774757,
      -0.00012002781221297024, 0.24772449606397356
    ]
  ]
}
